Neighbourhood,Average_Price,Listing_Count
Malibu,775.5,340
Bel-Air,761.2,45
Beverly Crest,729.8,133
Hollywood Hills West,668.6,539
Lake View Terrace,600.0,1
Unincorporated Santa Monica Mountains,592.7,190
Palos Verdes Estates,547.5,28
Pacific Palisades,515.0,179
Avalon,470.7,203
Hidden Hills,460.8,13
Green Valley,431.6,5
Granada Hills,428.7,95
Beverly Grove,422.6,533
Manhattan Beach,421.4,360
Rolling Hills Estates,419.5,15
Rancho Palos Verdes,401.8,111
Westlake Village,394.5,12
Tarzana,386.4,178
Encino,379.4,215
Ridge Route,362.0,6
Fairfax,355.3,282
Hermosa Beach,347.3,282
Canoga Park,345.2,141
Topanga,338.5,405
Studio City,323.4,379
Sepulveda Basin,323.0,3
Hollywood Hills,314.0,749
Playa del Rey,313.3,132
Calabasas,313.3,119
Westwood,311.9,418
West Hollywood,310.9,1368
Brentwood,309.7,211
Northridge,305.9,164
Sherman Oaks,303.9,473
Chatsworth,302.2,79
Venice,297.3,1634
Beverlywood,295.6,32
Universal City,294.9,24
Ladera Heights,293.6,98
Woodland Hills,287.7,496
Southeast Antelope Valley,285.3,24
La Canada Flintridge,282.8,37
Commerce,280.8,25
Hancock Park,278.9,103
Unincorporated Catalina Island,276.9,30
Century City,276.3,38
Tujunga Canyons,263.4,18
North Whittier,263.0,4
Castaic Canyons,262.5,37
Marina del Rey,260.8,373
Elizabeth Lake,258.0,1
Florence,254.5,4
La Crescenta-Montrose,250.6,40
Valley Village,247.8,160
Castaic,247.5,22
West Hills,246.3,142
Redondo Beach,246.1,437
Agua Dulce,245.2,16
Santa Monica,241.6,1347
Agoura Hills,241.6,60
Beverly Hills,238.8,1404
Unincorporated Santa Susana Mountains,237.4,21
Windsor Square,236.1,28
Cheviot Hills,233.6,30
Leona Valley,231.5,11
Toluca Lake,227.8,73
Mar Vista,225.8,340
Valley Glen,225.1,225
Westchester,224.3,348
San Marino,224.3,14
Alondra Park,219.8,18
Los Feliz,219.1,303
Veterans Administration,219.0,20
Koreatown,218.6,499
View Park-Windsor Hills,217.8,202
Bell Gardens,215.4,9
Gramercy Park,214.8,36
Playa Vista,213.5,111
East Whittier,210.8,6
Culver City,208.5,540
Santa Clarita,206.3,275
Silver Lake,204.6,496
Altadena,202.8,228
Sierra Madre,202.0,34
Eagle Rock,200.9,152
Pasadena,200.8,650
South Pasadena,200.3,109
Mount Washington,198.3,118
Burbank,198.3,534
Glendale,196.3,821
Westmont,193.7,79
Acton,193.7,14
East Hollywood,193.1,399
Torrance,190.7,342
Claremont,190.0,78
Whittier,189.5,120
Inglewood,189.4,499
Sawtelle,189.3,423
Del Rey,189.3,299
Baldwin Hills/Crenshaw,187.6,101
San Pedro,187.2,148
Lakewood,185.6,98
Long Beach,185.1,1719
Larchmont,185.0,68
Cudahy,183.5,6
Atwater Village,183.5,116
Downtown,183.3,1290
Porter Ranch,182.0,36
Stevenson Ranch,181.6,17
El Segundo,181.5,127
South Whittier,180.3,44
Compton,179.9,56
West Adams,179.9,124
Northwest Antelope Valley,179.1,13
Lennox,179.0,56
Lake Hughes,177.1,9
Bellflower,177.0,72
Sun Valley,176.3,112
Artesia,175.6,30
Mission Hills,174.9,15
Hyde Park,173.8,177
Shadow Hills,173.2,49
Glassell Park,173.0,84
Glendora,172.8,86
Echo Park,172.2,408
Hollywood,171.8,1754
East Los Angeles,171.4,278
North Hollywood,170.6,474
Mid-City,170.0,479
Winnetka,169.7,102
Montebello,169.7,52
Lomita,169.5,34
Northwest Palmdale,169.4,20
Hawthorne,169.3,322
Monterey Park,166.9,300
La Habra Heights,166.6,14
Lake Balboa,166.3,97
Mid-Wilshire,166.2,566
Santa Fe Springs,165.9,13
Del Aire,165.6,68
Carthay,165.2,106
Willowbrook,163.5,37
San Fernando,162.2,24
Montecito Heights,161.7,78
Angeles Crest,161.5,4
Walnut,161.1,98
Chinatown,160.9,45
Sylmar,160.3,46
Van Nuys,159.0,201
West Los Angeles,158.9,168
Rancho Park,158.9,43
Harbor City,157.9,29
Pico-Robertson,157.8,585
Jefferson Park,154.8,104
Lincoln Heights,154.7,56
East Pasadena,154.6,79
Highland Park,154.6,221
Athens,153.3,16
Manchester Square,152.0,43
Charter Oak,151.6,8
Signal Hill,151.0,43
Diamond Bar,149.4,138
San Dimas,149.3,53
Rosemead,149.2,246
North Hills,148.2,70
Carson,147.1,132
Duarte,146.3,43
Chatsworth Reservoir,146.0,5
Walnut Park,145.8,4
Elysian Valley,145.0,24
Reseda,144.3,173
West Whittier-Los Nietos,143.9,19
North El Monte,143.5,22
Downey,143.3,117
Sunland,142.6,7
Monrovia,142.1,188
Arcadia,142.0,215
La Puente,141.8,32
Vernon,141.3,221
Wilmington,141.0,11
Westlake,139.3,521
Citrus,139.2,4
Leimert Park,137.6,47
Alhambra,137.1,519
Temple City,136.9,175
El Sereno,136.5,82
West Carson,135.8,57
Lawndale,134.0,116
Rolling Hills,132.8,4
Hasley Canyon,132.7,3
Lynwood,132.4,41
East Compton,131.5,2
Elysian Park,131.1,14
San Gabriel,131.1,209
Cerritos,130.8,33
Palms,130.8,289
Chesterfield Square,130.2,19
Pomona,130.0,176
Paramount,130.0,27
West Covina,129.6,269
Huntington Park,129.4,35
Vermont Square,129.2,160
Maywood,128.9,17
Pico-Union,128.1,130
Azusa,128.0,88
East San Gabriel,127.2,141
Historic South-Central,127.1,74
Vermont Vista,126.6,35
Valinda,126.3,33
Quartz Hill,126.1,29
South El Monte,126.0,30
Northeast Antelope Valley,125.9,21
Pico Rivera,125.3,43
Gardena,124.1,234
Lake Los Angeles,123.8,10
Industry,121.9,31
West Compton,121.7,9
South Gate,120.8,47
Harbor Gateway,120.5,67
Pacoima,119.6,17
South San Jose Hills,119.2,27
Covina,119.2,97
Cypress Park,119.1,15
La Verne,118.7,46
El Monte,117.7,251
Mayflower Village,117.2,77
Tujunga,115.7,27
Harvard Heights,114.4,95
Baldwin Park,114.2,116
Vermont-Slauson,113.7,27
Rowland Heights,113.1,614
Norwalk,112.9,74
Avocado Heights,112.9,23
Hacienda Heights,109.6,290
Exposition Park,109.5,129
Sun Village,109.2,4
Florence-Firestone,107.1,37
Val Verde,105.8,6
Hawaiian Gardens,103.9,8
Vincent,103.1,11
South Park,103.0,25
Boyle Heights,102.0,106
La Mirada,101.9,33
Palmdale,101.9,167
Panorama City,101.8,42
Vermont Knolls,100.4,36
Central-Alameda,99.9,37
Arleta,99.7,7
South San Gabriel,99.6,78
Bell,98.9,22
Griffith Park,98.8,10
Broadway-Manchester,95.7,27
Lancaster,95.6,297
Harvard Park,94.1,14
San Pasqual,94.0,11
Adams-Normandie,92.0,41
Desert View Highlands,91.2,10
Green Meadows,88.8,11
Irwindale,88.6,7
Lopez/Kagel Canyons,87.2,4
University Park,83.3,60
Arlington Heights,83.2,112
West Puente Valley,79.4,18
South Diamond Bar,50.0,1
Rancho Dominguez,50.0,3
Watts,43.0,23
